{
  "cam-1": {
    "records": "1",
    "total": "1",
    "rows": [
      {
        "endTime": 4000,
        "startTime": 1000,
        "position": "HB",
        "data": "This is an example of a comment.",
        "alignment": "C",
        "time": 1,
        "text": "Example comment for video camera 1",
        "overlayText": "",
        "class": "blue-marker-class",
        "comment": "This is an example of an extensive commentary.",
        "format": [
          "i"
        ],
        "id": 1,
        "key": "18ff9ba6-3c24-441a-8120-64953787695d"
      }
    ]
  },
  "cam-2": {
    "records": "1",
    "total": "1",
    "rows": [
      {
        "endTime": 4000,
        "startTime": 1500,
        "position": "HB",
        "data": "This is an example of a comment.",
        "alignment": "C",
        "time": 1.5,
        "text": "Example comment for video camera 2.",
        "overlayText": "Tag 2",
        "class": "blue-marker-class",
        "comment": "This is an example of an extensive commentary.",
        "format": [
          "i"
        ],
        "id": 1,
        "key": "791f267b-85d7-463d-8db6-f1dedb23ae9a"
      }
    ]
  },
  "cam-3": {
    "records": "2",
    "total": "2",
    "rows": [
      {
        "endTime": 4000,
        "startTime": 2000,
        "position": "HB",
        "data": "This is an example of a comment.",
        "alignment": "C",
        "time": 2,
        "text": "Example comment for video camera 3.",
        "overlayText": "Tag 3",
        "class": "blue-marker-class",
        "comment": "This is an example of an extensive commentary.",
        "format": [
          "i"
        ],
        "id": 1,
        "key": "81e77d8d-aa0b-4a34-aab0-b1684e884b77"
      }
    ]
  },
  "cam-4": {
    "records": "4",
    "total": "4",
    "rows": [
      {
        "endTime": 4000,
        "startTime": 2500,
        "position": "HB",
        "data": "This is an example of a comment.",
        "alignment": "C",
        "time": 2.5,
        "text": "Example comment for video camera 4.",
        "overlayText": "Tag 4",
        "class": "blue-marker-class",
        "comment": "This is an example of an extensive commentary.",
        "format": [
          "i"
        ],
        "id": 1,
        "key": "dc980b5e-e1f8-4d79-a4a3-c60056e69a38"
      }
    ]
  }
}